Learning Rate,Epochs,Architecture,Activation,Optimizer,Batch Size,MSE,RMSE,RÂ²,Loss History,Val Loss History
0.001,30,"[244, 128, 64, 1]",relu,mini_batch,32,563.7187771707027,23.74276262718184,0.6367853762885677,"[1358.2001740843423, 841.1106634320473, 649.1483462070222, 649.4145847213372, 606.0161953467616, 558.4855997706234, 570.8221640060171, 562.8658025293864, 546.9950968865528, 532.2779496568277, 518.7088688887113, 522.3446663441879, 507.20902665405487, 503.68195496536583, 497.7105668207867, 488.31237669733537, 487.01066716367063, 476.56500151707377, 486.78183511053487, 471.79637546923453, 487.39673584351067, 464.2666013876588, 470.2597841850986, 454.9011724788486, 460.58553132350573, 454.17716307538547, 449.612344411775, 435.1644313666151, 442.30515120229325, 438.50274421821143]","[659.3221841852638, 975.0321310736405, 654.6627525972518, 646.773243381726, 720.9515300338157, 715.7077136379861, 606.6678955699882, 601.7645764962379, 621.1672827482719, 639.7544131134574, 689.6691252054544, 679.9082074466222, 640.433191801225, 671.5931623501941, 612.8959842339752, 598.9815134558019, 595.9853900284473, 642.7095026865057, 619.8643688124487, 664.4380928439915, 596.1533631278421, 610.6295262937704, 872.4199639172, 570.5694690733028, 596.5057677913909, 591.6359476175438, 599.2947161041741, 740.713877813385, 776.1184893982165, 595.9842063379746]"
0.01,20,"[244, 64, 1]",relu,mini_batch,32,577.682476331709,24.03502603143398,0.627788301963955,"[2143.6151094109487, 861.7761710988505, 730.8337002933239, 670.3247082619956, 631.5887505731573, 630.7686052301691, 590.4807553397094, 573.0124797377358, 575.5327612047163, 600.6344059158165, 565.4733619271109, 562.7496562357222, 547.841472744121, 549.0854694545458, 541.8893663406886, 533.5560711275879, 529.0001038936499, 506.6232513220837, 524.8805525578938, 516.0383349232303]","[1502.45166032066, 928.7325284357264, 813.7516778233847, 702.1206826130983, 834.0754720316744, 811.3449504820007, 681.9137619115073, 792.0346341227828, 615.5194918061154, 662.3360021093256, 702.5250661485902, 620.0392315416449, 679.1450796209213, 654.9427517876259, 860.7266631583445, 707.8091786320068, 687.2630838933013, 641.0072153913433, 706.3415640942585, 589.0129623769213]"
0.001,20,"[244, 64, 1]",relu,mini_batch,32,581.7415763942572,24.119319567397774,0.625172947355359,"[1132.616959396488, 669.0660864128545, 624.6261666253479, 594.4798432109532, 571.8649150929751, 559.482163651362, 553.8159122611149, 543.0312233347042, 541.5091635148984, 533.5692332722423, 532.2946446321221, 529.3484959262678, 523.1986842052033, 523.6332598293847, 525.7353901336603, 517.8893851120574, 517.4990507426033, 511.1555187023195, 512.8839116515272, 511.7848079258791]","[733.4681805752158, 714.920625733741, 674.6033963945926, 646.6980071309868, 616.6036919038735, 650.4430276945271, 604.1779781870995, 615.7732865430934, 591.9885623806463, 593.5189861958479, 620.9719793843365, 593.0530518400045, 652.4688381783296, 877.7429363724315, 636.9666795898012, 598.1617538661162, 599.1839530541124, 585.1843582114432, 617.2097116178616, 592.8678094939562]"
0.01,30,"[244, 64, 1]",relu,mini_batch,32,587.3578124791932,24.23546600499345,0.6215543006845796,"[2052.3465925324367, 825.5469969971907, 726.7622961079979, 720.6757553121093, 610.7914155681068, 617.2223013473288, 598.1109932724657, 582.6592995404916, 567.9675996617708, 565.0498439520567, 565.488825284145, 560.5517023358129, 536.7508619725049, 535.4178713814194, 549.8031936669272, 525.3315219133398, 529.9964304359729, 528.5893349523227, 536.1862913135425, 522.0468833599895, 514.0829979027612, 511.8354257630868, 512.2538602828081, 499.11898445482257, 510.151492233453, 513.559216234574, 528.8568188248702, 511.86524240277623, 504.18554920287386, 494.65568841932065]","[936.1143834059768, 670.1039462008173, 640.6694216861579, 1187.6723170707796, 629.9393903357109, 1067.8409949863092, 776.4666091025987, 599.2712213724069, 622.196459377979, 628.4405548608478, 750.9930918880805, 632.9870007268232, 786.1217713025981, 686.7857870423511, 800.8953528415542, 685.7728455363764, 990.8307226586182, 613.885142894883, 640.9848616701204, 730.3976662680519, 635.7435304598574, 713.407168549087, 692.4915807277885, 662.3585855674361, 638.2514292657974, 704.3417531421487, 690.3038752905348, 697.9285695580182, 634.9674116203876, 626.8143816632116]"
0.001,30,"[244, 64, 1]",relu,mini_batch,32,594.320416488952,24.378687751578262,0.6170681638059239,"[1122.1311552609584, 649.5824271881727, 610.250002300272, 590.8840365025624, 573.1025709770981, 560.6894792150148, 552.6369080824368, 544.3569781455979, 536.2659942726283, 536.8169769633056, 532.0517246086915, 527.0236789545781, 525.8566749230768, 525.1495874235663, 518.4012177658743, 525.2450177814105, 520.8765578481199, 516.6687956283674, 512.5463226690136, 512.334988272275, 509.0016422727054, 508.2482921008133, 509.62654438660377, 507.10651748477153, 505.14741770567247, 501.86586200527245, 498.8448257210735, 498.37469937626656, 500.5278326748712, 495.8926184672218]","[722.047355867487, 723.1128676815713, 651.5687363790101, 624.4642817405366, 615.6928620650575, 635.3447218976653, 610.7653058514342, 605.0113582758328, 591.9054685648882, 681.4767974850971, 593.4366226850315, 592.176519346965, 593.8830144484659, 603.6458742786469, 585.7389929082501, 609.2397073514974, 609.6230488078353, 613.9151638866799, 627.1528473284945, 679.8856119228371, 588.855063924595, 590.6716820828345, 612.4950633425258, 618.767728497426, 609.9039420644457, 595.4912671740299, 578.074148045086, 587.0058916691677, 582.989270525826, 589.3266305193899]"
0.001,20,"[244, 128, 64, 1]",relu,mini_batch,32,620.6497781247749,24.912843637866292,0.600103660286784,"[1067.7562887503082, 802.9900447866526, 687.8531269270708, 630.5411868778858, 601.0616681514077, 597.77925316753, 581.0371920854924, 575.3845935043893, 550.247288685739, 555.5298434222558, 532.922679581198, 547.2985170697309, 525.6212698078681, 513.0485294949278, 505.82905420028754, 526.7757377751236, 501.0736389867984, 486.228367262166, 487.1027770982757, 499.1416627538315]","[2868.3778406583247, 665.8429178085947, 879.6685815473162, 603.9393340470417, 602.3521190672201, 607.0754355492363, 823.2194783659713, 608.6618303898414, 602.4719753798416, 662.4758280165395, 776.8307384844685, 590.4233620174422, 595.3389816293744, 671.7651175405662, 602.6131241849478, 593.6393109587142, 591.5022226264971, 575.6341739059476, 647.6537300669208, 691.6615084193947]"
0.001,30,"[244, 64, 1]",relu,sgd,32,697.8309824152025,26.41649072861879,0.5503743569369082,"[1103.1875417411472, 803.4137335985479, 725.7883359970465, 690.3902303700105, 685.7337304102263, 676.6652103706757, 665.6807765105784, 667.6959917629464, 662.4812838616147, 660.7473146078208, 652.9574031072252, 645.4669701162037, 650.7671797265621, 635.5699450900265, 634.0297880544031, 632.3687174300923, 639.663940220893, 658.4087113365641, 663.828694336977, 649.5059531466186, 660.1686776924008, 659.5662475430262, 633.4563504169091, 639.7523203888858, 638.7258913157309, 650.2530867861492, 640.7417742363509, 658.9592429548803, 645.0160605858536, 639.2486014047802]","[804.0816046291574, 1010.8117301792706, 1218.2075931835539, 692.6665703882173, 672.0581957177766, 875.9736261223675, 815.1997554039534, 729.8576770032746, 2586.3547125783207, 845.9297848531885, 814.6216787419017, 665.2782525630498, 715.8509722496057, 737.5424789856006, 733.9890893014056, 903.542721602548, 666.6499918801948, 1571.827245442812, 849.3284278164914, 640.8987680384489, 881.7395641657524, 732.4415209654908, 687.6677840127616, 857.7015153934518, 695.8667811050954, 663.9045141623869, 636.2310037209214, 778.3777344271724, 1027.167244084164, 733.782794113511]"
0.01,30,"[244, 64, 1]",relu,batch,32,767.3953861271721,27.70190221134953,0.5055527016342998,"[6765.118492571058, 6700.168787399671, 6124.2385533766, 4109.678840443155, 1949.9869336484458, 3401.7938716554677, 846.3840887512163, 1219.6295566989252, 2481.1278960953123, 5789.98152844872, 4730.570153351878, 4254.109956980972, 2066.324334797745, 2240.6629836674806, 5519.168859841788, 4294.891667303736, 2496.992126530574, 1759.4257667626794, 4275.32965325759, 1808.5277240240164, 1690.1986444739175, 3892.119900268906, 1766.7956216990624, 1580.6469920800562, 3584.6403620617857, 1304.4002496658827, 1424.4549855985294, 2981.819477363998, 813.9773464201627, 762.029789857535]","[7251.440494688575, 6629.664037153657, 4405.16675260471, 1973.929821159808, 3820.5159237769267, 862.4448097184857, 1348.7104513039217, 2557.27793277423, 6322.68388774321, 5259.680734195251, 4777.083396754763, 2345.9212451061385, 2325.205308680528, 6038.158119209597, 4800.4666554773585, 2796.8981708001966, 1790.9063935483623, 4750.851427890604, 2039.1442303060753, 1746.4723238634522, 4365.3140141091135, 1997.4047496835965, 1630.1996819602707, 4030.590327279454, 1455.5067183785986, 1464.7591933862443, 3375.303333270057, 860.9056833758508, 795.5399702554222, 744.7338117430193]"
0.001,30,"[244, 128, 64, 1]",relu,batch,32,780.0130410804917,27.928713559354854,0.4974229089405168,"[6751.413778672088, 6691.263507634277, 6591.517874749554, 6443.748297247722, 6197.9425150923835, 5745.7024133422865, 4869.056205502059, 3292.2226350172136, 1708.5508104997293, 1294.4787479314884, 978.1577209855623, 845.1117672416941, 811.6150865743593, 787.964460107301, 774.5338062025896, 760.406388814503, 752.9726484451937, 743.3764870694653, 738.9134916697899, 731.6535068479682, 728.7537661150828, 722.933045678364, 721.1669025635039, 716.294346304306, 715.3009934258708, 710.9409031450618, 710.470185885361, 706.5623526913985, 706.6057264048645, 702.8582325284408]","[7237.786542812436, 7129.550734593073, 6968.227802696312, 6698.543497860794, 6199.593533033088, 5228.437802364819, 3476.71296762189, 1716.182468744329, 1291.6118652309754, 996.7862112307513, 850.3095099970942, 839.4766612489693, 799.1762700227927, 807.0965171849813, 776.4360578897795, 789.1452775574702, 762.8897454216045, 777.9775716516443, 753.8897079868638, 770.2626948683326, 747.3309699047326, 764.7391553144072, 742.3437668620328, 760.685597457232, 738.3122430883348, 757.501432177586, 734.9491076330643, 755.2137953231475, 732.0501146912939, 753.3477187187606]"
0.001,20,"[244, 128, 64, 1]",relu,batch,32,799.2554799864304,28.271106805118727,0.4850246431924976,"[6742.545152482328, 6680.027501006339, 6596.167372523499, 6478.039357903201, 6293.29393398978, 5976.763929622789, 5389.773331777371, 4259.143163060617, 2415.6888969677843, 1253.9436935526862, 978.7946842368669, 868.4364959927152, 829.9282458468242, 804.5154971457421, 785.03824062599, 769.2437855357872, 756.7650214313771, 746.316492764501, 738.0832881489191, 731.1400787883446]","[7229.485792794202, 7139.479954161436, 7012.339296168173, 6812.492936281142, 6468.274315599687, 5826.400109919981, 4582.883301992116, 2545.7920289965896, 1257.7722571886452, 995.8646229886455, 878.9425091089023, 853.8479387220306, 821.0062295507655, 813.9306847924479, 791.0519341677173, 789.8308110115618, 772.3360565037502, 774.5930441589566, 760.4812916914907, 765.1052212633826]"
0.001,20,"[244, 64, 1]",relu,sgd,32,922.4527830836198,30.37190779459894,0.40564630083659126,"[1149.2131610084211, 784.373653810733, 720.9395332603451, 694.3020815211211, 676.3666579755055, 662.3566500078903, 677.4392476949254, 667.6750286789611, 658.4466128275976, 663.4682331551018, 668.451160245888, 663.4477137190312, 661.7502439840673, 646.8285206775217, 652.2283131722025, 647.9930637485876, 647.184321290946, 675.8031666747743, 692.152137239614, 734.8433436590025]","[695.7287071615376, 1081.4560097932992, 636.214151216594, 1238.9906296101847, 647.2113110459834, 708.9890292606716, 726.5306495193083, 735.0023006685781, 627.2218866749174, 712.1759855133502, 722.8882658738041, 692.5525211784957, 681.4911253514553, 763.4479116279708, 721.2668066104454, 631.655454238931, 865.7259582299165, 708.2502028615365, 890.8016634243496, 899.7785062275858]"
0.001,30,"[244, 64, 1]",relu,batch,32,1098.1070698359765,33.13769862009093,0.2924689360763296,"[6765.250910066688, 6762.96984190759, 6748.489516168767, 6705.656226537726, 6660.2017612192885, 6611.948546681495, 6558.3793362432125, 6496.843902913258, 6424.2953815075625, 6336.980570410125, 6230.396761447598, 6099.094844868993, 5936.689901992037, 5736.207969721991, 5490.688319123358, 5194.492429017182, 4845.829656692832, 4448.765362807979, 4015.3819140046817, 3565.861016854776, 3125.758765967573, 2720.592422944917, 2368.7330595180533, 2076.5817853876356, 1839.5181400500915, 1645.901845123577, 1484.049129349222, 1345.1937483526065, 1224.5741030660975, 1120.1046086801032]","[7317.7757760384275, 7302.339516518394, 7256.689019828145, 7208.0858622461565, 7156.323404062107, 7098.625839330445, 7032.028718071175, 6953.135112375191, 6857.760078862086, 6740.896157930392, 6596.429113379825, 6417.247226096181, 6195.470982317833, 5923.409586190614, 5594.7605624245, 5207.554958098005, 4766.290068918692, 4284.652171022638, 3785.403884330549, 3297.3470565837174, 2849.284154742709, 2462.281452326437, 2143.869902793125, 1888.7354834898065, 1684.2272362307497, 1516.6353955801023, 1375.385160843608, 1254.282589731641, 1150.24034617892, 1062.4105319872203]"
0.01,20,"[244, 64, 1]",relu,batch,32,3426.819046907914,58.539038657189394,-1.2079640435197385,"[6751.971327495797, 6333.698835443371, 4739.193695214612, 1790.216215867925, 1206.2424891741773, 2539.1800294907375, 5579.5149196546445, 4889.531188934149, 4313.388376923973, 1477.3168657322726, 2141.8890373955455, 5045.395331494631, 4340.546826592565, 2728.488376097089, 2331.015109020346, 5203.139996335705, 4293.419741766876, 3333.749654763703, 942.7587765044807, 1355.527425434968]","[6852.733717283676, 5091.834198688748, 1790.5838579173965, 1332.3153326249717, 2632.1916511656304, 6122.810548539063, 5419.059022425718, 4824.8584654457345, 1662.7626226350267, 2222.0478223965997, 5575.110471871666, 4840.00892772725, 3035.720444462655, 2378.9064840334695, 5719.326017396612, 4803.777575251949, 3762.0425082968172, 1031.2196797614927, 1382.776095367569, 3550.6316743660254]"
0.001,20,"[244, 64, 1]",relu,batch,32,3673.3975973062425,60.6085604292516,-1.3668392469460722,"[6765.96584921899, 6765.546567964755, 6764.491901707247, 6760.009050467515, 6738.865269344643, 6695.648417738627, 6644.243106941597, 6588.532312980352, 6525.632323543278, 6452.033910586231, 6363.485439051822, 6254.957993458304, 6120.512322827167, 5953.208273415082, 5745.6819568083965, 5491.317855643101, 5184.997446180998, 4825.448608479815, 4417.613625543466, 3974.6489049191005]","[7320.38279809513, 7319.341350539198, 7314.4043859961475, 7291.002646119189, 7244.284514583888, 7188.948431894104, 7128.75515944026, 7060.484936820504, 6980.206674675578, 6883.165881353605, 6763.77771289156, 6615.397724589728, 6430.246214720823, 6200.096965040521, 5917.604480481658, 5577.147953614999, 5177.41115207227, 4724.217939825542, 4232.6517506921045, 3726.5762637718426]"
0.01,30,"[244, 128, 64, 1]",tanh,sgd,32,7012.432884038477,83.74027038431674,-3.5182425606987247,"[6621.444553950965, 6621.415075349462, 6621.415066803015, 6621.415063119671, 6621.415061047834, 6621.415059713254, 6621.41505878001, 6621.4150580897685, 6621.415057557879, 6621.415057135113, 6621.415056790839, 6621.415056504891, 6621.415056263482, 6621.415056056902, 6621.415055878086, 6621.4150557217545, 6621.415055583865, 6621.415055461311, 6621.415055351655, 6621.415055252949, 6621.415055163618, 6621.415055082365, 6621.415055008145, 6621.4150549400765, 6621.41505487742, 6621.415054819547, 6621.41505476592, 6621.415054716092, 6621.415054669666, 6621.415054626303]","[7171.067322704304, 7171.067305990622, 7171.067299997266, 7171.0672969034695, 7171.067295007641, 7171.067293724602, 7171.067292797688, 7171.067292095979, 7171.067291545744, 7171.067291102576, 7171.067290737753, 7171.067290432106, 7171.067290172159, 7171.067289948399, 7171.067289753686, 7171.0672895826765, 7171.067289431238, 7171.067289296178, 7171.0672891749555, 7171.067289065547, 7171.067288966277, 7171.067288875789, 7171.067288792965, 7171.067288716866, 7171.0672886467055, 7171.067288581789, 7171.067288521559, 7171.0672884655205, 7171.067288413245, 7171.067288364362]"
0.01,20,"[244, 64, 1]",tanh,sgd,32,7012.432891216661,83.74027042717655,-3.5182425653237646,"[6626.366355765538, 6621.415056841724, 6621.4150564432075, 6621.415056129537, 6621.415055877176, 6621.41505566947, 6621.415055494898, 6621.415055346205, 6621.415055218336, 6621.415055106271, 6621.415055007547, 6621.41505491971, 6621.415054841512, 6621.415054770863, 6621.415054706868, 6621.4150546485735, 6621.415054595504, 6621.415054546584, 6621.415054501664, 6621.415054459982]","[7171.067292905388, 7171.067292321615, 7171.067291853537, 7171.067291468817, 7171.067291145985, 7171.067290870414, 7171.067290632148, 7171.067290423667, 7171.067290239355, 7171.067290075161, 7171.067289927795, 7171.067289794768, 7171.067289673865, 7171.067289563474, 7171.067289462244, 7171.067289369087, 7171.067289282938, 7171.067289203076, 7171.067289128756, 7171.067289059453]"
0.01,30,"[244, 64, 1]",tanh,sgd,32,7012.432892097017,83.74027043243304,-3.5182425658909944,"[6621.483199793234, 6621.415290563517, 6621.415187042059, 6621.415146057767, 6621.4151240779565, 6621.415110394312, 6621.415101069975, 6621.415094315993, 6621.4150892033695, 6621.4150852017965, 6621.415081986491, 6621.415079347791, 6621.41507714433, 6621.415075277398, 6621.4150736758465, 6621.415072287227, 6621.415071072006, 6621.415069999849, 6621.4150690470715, 6621.415068194929, 6621.415067428401, 6621.415066735293, 6621.415066105617, 6621.415065531117, 6621.415065004892, 6621.415064521155, 6621.415064074996, 6621.4150636622335, 6621.4150632792835, 6621.415062923049]","[7171.0676559062895, 7171.067462756523, 7171.067400971759, 7171.067370840575, 7171.067353082496, 7171.067341409338, 7171.067333166041, 7171.067327042822, 7171.067322320205, 7171.067318569855, 7171.067315521312, 7171.06731299579, 7171.067310870285, 7171.067309057489, 7171.067307493505, 7171.067306130825, 7171.067304933193, 7171.067303872564, 7171.067302926875, 7171.067302078528, 7171.067301313379, 7171.067300619818, 7171.067299988349, 7171.067299411046, 7171.067298881286, 7171.067298393472, 7171.067297942844, 7171.067297525349, 7171.067297137486, 7171.067296776231]"
0.01,30,"[244, 128, 64, 1]",sigmoid,sgd,32,7012.432894803052,83.74027044859034,-3.518242567634543,"[6621.426938730814, 6621.4153331391135, 6621.41521329349, 6621.415165236225, 6621.415139249506, 6621.415122972537, 6621.415111827046, 6621.415103721758, 6621.415097565251, 6621.415092732217, 6621.415088838716, 6621.4150856360275, 6621.415082955971, 6621.415080680771, 6621.415078725502, 6621.4150770273955, 6621.415075539069, 6621.415074224078, 6621.415073053942, 6621.415072006083, 6621.415071062374, 6621.415070208093, 6621.415069431165, 6621.415068721584, 6621.415068071001, 6621.415067472386, 6621.415066919782, 6621.4150664081035, 6621.415065932991, 6621.415065490677]","[7171.067712737945, 7171.067493692459, 7171.067422489864, 7171.067387421964, 7171.067366608323, 7171.067352849607, 7171.067343089866, 7171.067335812882, 7171.067330181686, 7171.067325696835, 7171.067322042042, 7171.067319007348, 7171.067316447952, 7171.067314260789, 7171.067312370521, 7171.067310720808, 7171.06730926869, 7171.067307980835, 7171.067306830994, 7171.067305798214, 7171.06730486557, 7171.067304019242, 7171.067303247831, 7171.067302541864, 7171.067301893388, 7171.067301295692, 7171.067300743063, 7171.0673002306185, 7171.067299754145, 7171.067299310003]"
0.01,20,"[244, 128, 64, 1]",sigmoid,sgd,32,7012.432900780762,83.7402704842823,-3.5182425714860948,"[6621.432002957666, 6621.41532598083, 6621.41520928515, 6621.41516246942, 6621.415137148216, 6621.415121285318, 6621.415110421772, 6621.415102520487, 6621.415096518205, 6621.41509180571, 6621.415088008919, 6621.4150848854715, 6621.415082271471, 6621.415080052144, 6621.415078144727, 6621.415076488042, 6621.415075035903, 6621.415073752785, 6621.415072610927, 6621.415071588315]","[7171.067700732414, 7171.067487975743, 7171.06741878044, 7171.0673846947375, 7171.067364461369, 7171.06735108478, 7171.0673415951715, 7171.067334518939, 7171.067329042607, 7171.067324680733, 7171.067321125874, 7171.067318173922, 7171.067315684122, 7171.067313556279, 7171.067311717149, 7171.067310111961, 7171.06730869894, 7171.067307445681, 7171.067306326658, 7171.067305321499]"
0.01,30,"[244, 64, 1]",sigmoid,sgd,32,7012.432905989489,83.74027051538279,-3.5182425748421755,"[6621.4303249073455, 6621.415549299681, 6621.415342294043, 6621.415257784137, 6621.4152115766465, 6621.415182399788, 6621.415162294238, 6621.415147596489, 6621.415136383271, 6621.415127546808, 6621.415120404163, 6621.415114511162, 6621.4151095664, 6621.4151053582245, 6621.415101733595, 6621.415098579098, 6621.415095808925, 6621.415093356957, 6621.415091171401, 6621.415089211119, 6621.415087443031, 6621.415085840218, 6621.41508438057, 6621.415083045755, 6621.415081820428, 6621.4150806916705, 6621.415079648514, 6621.415078681589, 6621.415077782843, 6621.415076945323]","[7171.068017778728, 7171.067650391597, 7171.0675283725095, 7171.067467523575, 7171.067431090638, 7171.0674068439275, 7171.067389550155, 7171.067376596513, 7171.067366533141, 7171.06735849058, 7171.067351916689, 7171.0673464431065, 7171.067341815312, 7171.067337851548, 7171.067334418689, 7171.067331416853, 7171.06732876982, 7171.067326418269, 7171.067324315412, 7171.067322423836, 7171.067320713263, 7171.067319158937, 7171.067317740414, 7171.067316440678, 7171.067315245419, 7171.067314142556, 7171.067313121784, 7171.067312174283, 7171.067311292445, 7171.067310469694]"
0.01,20,"[244, 128, 64, 1]",tanh,mini_batch,32,7012.43291535621,83.74027057131002,-3.518242580877331,"[6624.75387241876, 6624.393577155458, 6619.196226252402, 6626.634643012771, 6621.243447838846, 6621.584627143916, 6623.690029623671, 6621.294663132563, 6618.639651249815, 6627.184090892528, 6620.904977165784, 6620.625332015515, 6621.576391726645, 6621.488231852417, 6622.116725613026, 6621.5248407509025, 6621.806804851513, 6622.449139673787, 6619.815167286967, 6620.282694389206]","[7171.0673328075945, 7171.067332006949, 7171.06733123581, 7171.067330491228, 7171.067329773302, 7171.0673290801, 7171.0673284099885, 7171.0673277619635, 7171.067327135141, 7171.067326526998, 7171.067325937616, 7171.06732536718, 7171.067324813912, 7171.0673242773955, 7171.0673237562205, 7171.067323249684, 7171.067322758197, 7171.067322280559, 7171.0673218157135, 7171.067321363864]"
0.01,20,"[244, 64, 1]",sigmoid,sgd,32,7012.432917603809,83.74027058473007,-3.5182425823255006,"[6621.42556600492, 6621.4155428257955, 6621.415338651284, 6621.41525527785, 6621.4152096823345, 6621.415180885698, 6621.415161038676, 6621.415146527919, 6621.415135455566, 6621.415126728858, 6621.415119674037, 6621.415113852882, 6621.415108967884, 6621.415104810157, 6621.4151012286675, 6621.415098111469, 6621.415095373799, 6621.415092950393, 6621.415090790133, 6621.415088852388]","[7171.068011309206, 7171.067646917979, 7171.067525990583, 7171.0674657137415, 7171.067429631348, 7171.067405621254, 7171.06738849916, 7171.067375675364, 7171.067365713317, 7171.067357752207, 7171.067351245239, 7171.067345827603, 7171.067341247332, 7171.067337324372, 7171.0673339269715, 7171.067330956261, 7171.0673283366405, 7171.067326009503, 7171.0673239285115, 7171.067322056599]"
0.001,30,"[244, 128, 64, 1]",tanh,sgd,32,7012.432928146079,83.74027064767631,-3.518242589118083,"[6621.519678960539, 6621.416223210665, 6621.415706763092, 6621.415504274344, 6621.415396260415, 6621.415329268689, 6621.415283746209, 6621.415250846326, 6621.415225986843, 6621.415206559879, 6621.415190971969, 6621.4151781946, 6621.415167536074, 6621.415158513674, 6621.415150780481, 6621.415144080683, 6621.415138221592, 6621.415133055605, 6621.415128467633, 6621.415124366553, 6621.41512067949, 6621.415117347251, 6621.415114321369, 6621.4151115618015, 6621.415109035149, 6621.415106713384, 6621.415104572794, 6621.415102593127, 6621.41510075705, 6621.415099049626]","[7171.069094883123, 7171.068139450979, 7171.067837127221, 7171.067690488357, 7171.06760438694, 7171.0675479399015, 7171.067508161786, 7171.067478665156, 7171.067455946717, 7171.0674379286265, 7171.067423297995, 7171.0674111891085, 7171.06740100679, 7171.067392328598, 7171.067384847123, 7171.067378332572, 7171.067372610195, 7171.067367545156, 7171.067363031234, 7171.067358983861, 7171.0673553349, 7171.067352028763, 7171.06734901969, 7171.067346269678, 7171.067343746919, 7171.067341424679, 7171.067339280142, 7171.067337293832, 7171.067335448985, 7171.067333731184]"
0.01,30,"[244, 128, 64, 1]",tanh,mini_batch,32,7012.4329525342,83.74027079329394,-3.5182426048318094,"[6620.735838226458, 6628.515374690694, 6624.280111003357, 6618.881454936475, 6618.415559531602, 6618.766108506836, 6618.792732975941, 6619.453065818363, 6623.840630227215, 6619.406832367422, 6622.41982931511, 6621.883027145277, 6625.197501621995, 6623.76932178052, 6619.0759848482585, 6620.673526182414, 6621.404872130577, 6621.745283414137, 6620.996765520559, 6619.388389119719, 6617.309408857847, 6620.291426417563, 6620.059559279106, 6621.718232342402, 6622.856458134021, 6617.554070726546, 6621.535005844698, 6620.463711552086, 6621.605732251713, 6628.107953950874]","[7171.067801589389, 7171.067676450991, 7171.067610496524, 7171.067568241444, 7171.067537833238, 7171.067514562446, 7171.067495916408, 7171.067480546761, 7171.067467568913, 7171.067456440533, 7171.067446737537, 7171.067438211078, 7171.0674306333285, 7171.06742384438, 7171.067417722491, 7171.067412163422, 7171.067407081635, 7171.067402429874, 7171.067398149652, 7171.0673941949635, 7171.067390528909, 7171.067387119312, 7171.067383921517, 7171.067380944397, 7171.06737815711, 7171.067375536811, 7171.06737305638, 7171.067370730415, 7171.067368520992, 7171.06736644047]"
0.001,20,"[244, 128, 64, 1]",tanh,sgd,32,7012.432955538986,83.74027081123505,-3.518242606767849,"[6621.466485658546, 6621.416180441192, 6621.4156935504625, 6621.415498620515, 6621.415393578993, 6621.415328007579, 6621.415283252312, 6621.415250799053, 6621.415226212969, 6621.415206958281, 6621.415191480882, 6621.415178775547, 6621.415168163164, 6621.415159169153, 6621.415151452382, 6621.415144760745, 6621.4151389040335, 6621.415133736237, 6621.415129143498, 6621.415125035624]","[7171.069026046137, 7171.0681255036825, 7171.067832922705, 7171.067689432932, 7171.067604600816, 7171.067548728059, 7171.06750923063, 7171.067479867266, 7171.067457205777, 7171.0674392024675, 7171.067424564943, 7171.0674124361985, 7171.067402225816, 7171.067393516053, 7171.067386001178, 7171.067379452912, 7171.0673736972185, 7171.067368599459, 7171.067364053942, 7171.067359976261]"
0.001,30,"[244, 64, 1]",tanh,sgd,32,7012.4329954988125,83.7402710498289,-3.518242632514718,"[6621.55319424766, 6621.417964410188, 6621.416675576262, 6621.41617107527, 6621.415902302418, 6621.41573576283, 6621.415622687625, 6621.415541026286, 6621.415479364176, 6621.4154312046585, 6621.415392580388, 6621.4153609358655, 6621.415334551089, 6621.415312225392, 6621.415293096644, 6621.415276529823, 6621.4152620470295, 6621.415249281645, 6621.415237947913, 6621.415227819918, 6621.415218716773, 6621.41521049175, 6621.4152030248215, 6621.415196216723, 6621.4151899847075, 6621.415184259315, 6621.415178981747, 6621.415174101967, 6621.415169577036, 6621.415165369931]","[7171.071694839771, 7171.069357530772, 7171.068620133152, 7171.068263192566, 7171.068053906913, 7171.067916845219, 7171.067820354434, 7171.067748864401, 7171.067693846673, 7171.0676502372025, 7171.0676148481925, 7171.067585574943, 7171.067560972151, 7171.067540013175, 7171.067521951423, 7171.0675062306655, 7171.067492427405, 7171.06748021388, 7171.067469332907, 7171.067459579855, 7171.067450789492, 7171.067442827314, 7171.067435582624, 7171.067428963503, 7171.067422893026, 7171.067417306342, 7171.067412148348, 7171.067407372052, 7171.067402936925, 7171.067398808037]"
0.001,30,"[244, 128, 64, 1]",sigmoid,sgd,32,7012.43301617323,83.7402711732726,-3.5182426458356346,"[6621.47760454175, 6621.418076146758, 6621.416785164888, 6621.41626641737, 6621.415985550326, 6621.415809466004, 6621.415688807974, 6621.415601011502, 6621.41553429171, 6621.415481892941, 6621.415439665022, 6621.415404918298, 6621.415375833337, 6621.415351135566, 6621.415329905698, 6621.415311464037, 6621.415295297338, 6621.415281010808, 6621.415268295832, 6621.415256907706, 6621.415246649913, 6621.415237362851, 6621.415228915549, 6621.4152211995315, 6621.415214124194, 6621.415207613272, 6621.415201602125, 6621.415196035596, 6621.415190866336, 6621.415186053479]","[7171.071858251768, 7171.0695125992825, 7171.068748344143, 7171.068371431677, 7171.068147514783, 7171.0679993891345, 7171.067894255883, 7171.067815829626, 7171.067755115928, 7171.067706744794, 7171.067667313966, 7171.067634564272, 7171.067606937019, 7171.067583322527, 7171.067562909366, 7171.067545090611, 7171.067529403363, 7171.0675154883875, 7171.067503062759, 7171.067491900545, 7171.067481819247, 7171.0674726698135, 7171.067464329335, 7171.067456695553, 7171.067449682706, 7171.067443218335, 7171.067437240831, 7171.067431697429, 7171.067426542728, 7171.067421737412]"
0.001,20,"[244, 64, 1]",tanh,sgd,32,7012.433049055045,83.74027136960474,-3.5182426670220073,"[6621.509408933445, 6621.417866005607, 6621.41662753081, 6621.416140656502, 6621.415880602357, 6621.415719174663, 6621.415609421631, 6621.415530071134, 6621.415470095471, 6621.4154232150895, 6621.415385591585, 6621.415354747992, 6621.415329016481, 6621.415307232889, 6621.415288560352, 6621.415272381991, 6621.415258233276, 6621.415245757866, 6621.415234677945, 6621.41522477372]","[7171.071516559865, 7171.069288043063, 7171.068580150775, 7171.068236198348, 7171.06803401333, 7171.0679013580575, 7171.067807832477, 7171.067738453706, 7171.067685001801, 7171.0676425955735, 7171.067608156191, 7171.067579647813, 7171.067555672638, 7171.067535236879, 7171.067517616766, 7171.0675022726955, 7171.067488793939, 7171.06747686258, 7171.067466229064, 7171.067456694219]"
0.001,20,"[244, 128, 64, 1]",sigmoid,sgd,32,7012.43307425731,83.74027152008351,-3.5182426832603015,"[6621.465664951923, 6621.417874024717, 6621.416673903563, 6621.416190319102, 6621.415928053675, 6621.415763434481, 6621.415650528859, 6621.415568312246, 6621.415505793706, 6621.415456668045, 6621.415417059435, 6621.415384454418, 6621.415357152058, 6621.415333960215, 6621.415314018714, 6621.41529669137, 6621.415281497602, 6621.415268067627, 6621.415256112311, 6621.415245402327]","[7171.071547508361, 7171.069369069365, 7171.068656782628, 7171.068304811397, 7171.06809542619, 7171.067956770969, 7171.06785827915, 7171.067784757431, 7171.067727807598, 7171.067682412545, 7171.067645391429, 7171.067614631024, 7171.067588672765, 7171.067566477693, 7171.067547285894, 7171.067530528775, 7171.067515772472, 7171.067502680241, 7171.067490986728, 7171.067480480076]"
0.001,30,"[244, 64, 1]",sigmoid,sgd,32,7012.433121753198,83.74027180367399,-3.5182427138627963,"[6621.518793361299, 6621.420067936178, 6621.41797480615, 6621.41712077053, 6621.416653843259, 6621.4163589943255, 6621.416155806764, 6621.416007258942, 6621.415893917208, 6621.415804591135, 6621.415732381188, 6621.415672799623, 6621.41562280061, 6621.415580246303, 6621.415543590383, 6621.41551168657, 6621.415483667706, 6621.415458865571, 6621.415436756822, 6621.415416925653, 6621.415399037786, 6621.415382821105, 6621.415368052092, 6621.415354545392, 6621.415342145928, 6621.415330723045, 6621.4153201658955, 6621.415310379802, 6621.415301283354, 6621.415292806197]","[7171.074780592452, 7171.071012090771, 7171.069761756906, 7171.069138422351, 7171.068765198806, 7171.068516811532, 7171.068339652012, 7171.068206941667, 7171.068103835972, 7171.0680214291, 7171.067954066863, 7171.067897975358, 7171.067850547961, 7171.067809924031, 7171.0677747391555, 7171.067743970522, 7171.067716836793, 7171.067692730904, 7171.067671173214, 7171.06765178063, 7171.067634242999, 7171.067618306536, 7171.067603761909, 7171.06759043458, 7171.06757817808, 7171.067566868467, 7171.067556400362, 7171.067546683333, 7171.06753763943, 7171.06752920115]"
0.001,20,"[244, 64, 1]",sigmoid,sgd,32,7012.433245001975,83.74027253957307,-3.518242793274304,"[6621.512095585771, 6621.420088312578, 6621.417985722537, 6621.417128027805, 6621.41665919504, 6621.416363190776, 6621.416159229591, 6621.416010131828, 6621.415896381409, 6621.415806740228, 6621.41573428059, 6621.415674496955, 6621.415624332033, 6621.415581638738, 6621.415544864534, 6621.415512859518, 6621.415484753, 6621.415459874286, 6621.415437697924, 6621.415417806736]","[7171.074775186507, 7171.071007866202, 7171.069758242851, 7171.069135398275, 7171.068762532023, 7171.068514426603, 7171.0683374816745, 7171.068204950736, 7171.068101992521, 7171.068019711876, 7171.06795245683, 7171.067896459678, 7171.067849115594, 7171.067808565018, 7171.067773445451, 7171.067742735929, 7171.067715655717, 7171.067691598379, 7171.067670084775, 7171.067650732603]"
0.01,30,"[244, 64, 1]",tanh,mini_batch,32,7012.4332628148595,83.740272645931,-3.5182428047514813,"[6623.1504103664465, 6620.530749131044, 6618.176151491046, 6623.522491850599, 6620.4830556281995, 6621.125331706105, 6618.41411669652, 6620.159103622369, 6621.745795617192, 6624.710101620836, 6621.899312241177, 6624.575146023409, 6621.4657254455415, 6621.72392790155, 6626.635016785686, 6620.497456527133, 6619.654957089763, 6623.543649716461, 6620.260866773017, 6622.962367310658, 6619.642627994, 6621.515127199072, 6621.79196029694, 6619.463481385008, 6621.407190456268, 6621.501251942566, 6617.941110616384, 6620.122130056222, 6626.462303337354, 6622.772641874778]","[7171.079215230288, 7171.073542886219, 7171.071490637129, 7171.070435768921, 7171.0697957652155, 7171.06936718009, 7171.069060708736, 7171.068830854454, 7171.068652374433, 7171.068509955391, 7171.0683937755075, 7171.068297209455, 7171.068215636022, 7171.068145980158, 7171.068085761551, 7171.0680332107, 7171.067986926814, 7171.067945923702, 7171.067909320015, 7171.067876465828, 7171.067846812588, 7171.067819895704, 7171.067795397365, 7171.06777298452, 7171.067752403541, 7171.0677334541415, 7171.067715948349, 7171.067699726637, 7171.0676846481065, 7171.067670599263]"
0.01,30,"[244, 128, 64, 1]",sigmoid,mini_batch,32,7012.433354037244,83.7402731906055,-3.5182428635277816,"[6624.519539042036, 6619.671258089289, 6621.298763108424, 6618.430884152646, 6620.094893729584, 6622.223097964834, 6619.992906449802, 6623.929450691851, 6622.217864676476, 6622.84305494215, 6619.923439855, 6624.413649160583, 6623.64710089146, 6619.188626145109, 6623.139394487423, 6618.649308601237, 6619.742689759398, 6622.3991157283635, 6621.026971256749, 6622.982316970012, 6622.230517554031, 6621.908775672698, 6621.617743251458, 6622.333720584847, 6619.149920732278, 6623.749585273607, 6618.0878589045515, 6621.519293270068, 6619.847056604193, 6620.954239712581]","[7171.083448019718, 7171.075250202122, 7171.07252616757, 7171.071175131618, 7171.070370444493, 7171.069837633242, 7171.0694593824965, 7171.069177176171, 7171.068958785096, 7171.068784857145, 7171.0686431542645, 7171.068525464583, 7171.068426250896, 7171.068341503132, 7171.068268259517, 7171.0682043745555, 7171.068148149795, 7171.068098291159, 7171.068053792889, 7171.0680138281805, 7171.067977748728, 7171.067945017592, 7171.067915193609, 7171.067887906744, 7171.067862853144, 7171.067839760989, 7171.067818424379, 7171.067798637931, 7171.067780247309, 7171.067763107071]"
0.01,20,"[244, 64, 1]",tanh,mini_batch,32,7012.433495855317,83.74027403737891,-3.5182429549038368,"[6621.06490761115, 6618.74789090727, 6626.740968788357, 6624.075611836296, 6620.8858542983335, 6621.482840166743, 6619.447608698343, 6617.6828582193875, 6619.760102655649, 6619.842125021526, 6622.231742809395, 6620.126326889713, 6622.078961465615, 6620.285966277398, 6622.294325176611, 6621.368248880471, 6621.015566741907, 6623.0999643108735, 6624.236618926337, 6622.725122399918]","[7171.082491566335, 7171.074702411615, 7171.07211293078, 7171.070836996554, 7171.0700824248215, 7171.069585714009, 7171.069234833511, 7171.06897430266, 7171.068773498289, 7171.06861418787, 7171.06848476965, 7171.068377675915, 7171.068287638986, 7171.0682109022655, 7171.06814479662, 7171.06808724514, 7171.068036696492, 7171.06799196481, 7171.067952138666, 7171.067916432069]"
0.01,20,"[244, 128, 64, 1]",sigmoid,mini_batch,32,7012.433553579617,83.74027438204163,-3.51824299209669,"[6620.259088750622, 6621.884355834946, 6618.324682329929, 6619.770456366101, 6617.920950425394, 6622.944102199212, 6619.03177162737, 6621.158897031326, 6622.554437893718, 6620.282203056205, 6622.3745878252985, 6617.993537401077, 6623.166836525673, 6617.6110297967925, 6619.726919035193, 6620.662156103882, 6619.119233257221, 6621.682655317411, 6621.362504488879, 6620.8616233792545]","[7171.07649189552, 7171.072972186505, 7171.071378967022, 7171.070474045033, 7171.069892202202, 7171.069487125976, 7171.069189358111, 7171.068961376533, 7171.068781349556, 7171.06863569973, 7171.0685154506855, 7171.068414573422, 7171.068328707158, 7171.068254804302, 7171.068190505007, 7171.068134067591, 7171.068084154873, 7171.068039692512, 7171.067999841928, 7171.067963926652]"
0.01,30,"[244, 64, 1]",sigmoid,mini_batch,32,7012.433663987342,83.74027504126877,-3.5182430632344657,"[6621.835427558919, 6617.938557772815, 6622.938403532664, 6617.65874672513, 6621.962843054836, 6621.415569000766, 6627.157124540663, 6622.903591558251, 6621.356893702621, 6621.535157789164, 6620.295749731978, 6620.142529268254, 6620.971023455561, 6624.515513185258, 6622.05531666355, 6621.93280793943, 6625.242348768777, 6621.829387338427, 6618.310007991055, 6619.7526862689565, 6621.48050657496, 6621.427203725096, 6618.651110840059, 6619.799682594718, 6617.836836691764, 6622.960112936327, 6624.685927187778, 6618.670125677532, 6623.5777750487205, 6621.81722960417]","[7171.090566285753, 7171.079151322099, 7171.075233643238, 7171.073256337784, 7171.072064081737, 7171.071267378114, 7171.070697332425, 7171.070269619611, 7171.069936850437, 7171.069670581406, 7171.0694527243595, 7171.069271192657, 7171.0691175969905, 7171.068985935422, 7171.0688718691345, 7171.068772080399, 7171.068684031838, 7171.068605808996, 7171.068535852266, 7171.068472898324, 7171.068415951695, 7171.068364192018, 7171.0683169571275, 7171.068273664119, 7171.068233852279, 7171.068197094852, 7171.068163069633, 7171.068131496989, 7171.068102097788, 7171.068074669367]"
0.01,20,"[244, 64, 1]",sigmoid,mini_batch,32,7012.434057127957,83.74027738864946,-3.5182433165423683,"[6621.468047675448, 6619.224304632953, 6626.048563408192, 6619.343955329143, 6621.998583636443, 6619.895180177326, 6619.936315864465, 6621.497583121548, 6622.2556570920915, 6622.4493029483465, 6617.719529722917, 6623.529606673719, 6621.602323706263, 6621.058911678172, 6620.299774563714, 6624.207963533628, 6622.275132343121, 6616.1858475843055, 6620.495815345892, 6619.052324549681]","[7171.090711420633, 7171.079177751614, 7171.075239439344, 7171.073256405061, 7171.072062130435, 7171.071264572878, 7171.0706944095145, 7171.070266599432, 7171.0699337512015, 7171.069667490247, 7171.069449727472, 7171.069268240561, 7171.069114709347, 7171.068983166785, 7171.068869208892, 7171.068769503885, 7171.06868156908, 7171.068603462512, 7171.068533564274, 7171.068470691184]"
0.001,30,"[244, 128, 64, 1]",tanh,mini_batch,32,7012.434636625086,83.74028084873542,-3.518243689923281,"[6623.263066403251, 6620.320878078347, 6620.940911791917, 6624.933119544384, 6625.468110859289, 6619.085057163377, 6621.652645476569, 6622.38424951275, 6620.867632414375, 6625.549599908068, 6623.066911918475, 6621.530478465913, 6620.6639362803935, 6622.654991315453, 6624.419031520881, 6620.849271541252, 6621.976548431995, 6624.22499867137, 6621.790300230848, 6621.522399576293, 6619.368691179875, 6622.928229341372, 6620.359771543103, 6619.118892569173, 6624.831913843628, 6623.33544455066, 6620.309805555786, 6622.121949323913, 6620.128431666726, 6620.755875025253]","[7171.139199508685, 7171.100816309527, 7171.088772882835, 7171.082966117448, 7171.079571182026, 7171.0773538561425, 7171.075796767633, 7171.074645228209, 7171.073760091312, 7171.07305964115, 7171.072491878751, 7171.072022779048, 7171.071628852633, 7171.071293584421, 7171.071004887237, 7171.070753909074, 7171.0705337161835, 7171.070338956671, 7171.070165504196, 7171.070010195368, 7171.069870302653, 7171.069743618039, 7171.069628440301, 7171.069523258101, 7171.069426851531, 7171.069338158797, 7171.069256318776, 7171.069180547319, 7171.069110248587, 7171.069044820661]"
0.001,20,"[244, 128, 64, 1]",tanh,mini_batch,32,7012.435564236911,83.74028638735905,-3.518244287601048,"[6623.002408474415, 6622.533601323681, 6619.237991391635, 6620.134311561632, 6621.551298523384, 6620.203000358182, 6618.690533367195, 6619.501968378258, 6624.522014592993, 6624.2033829596685, 6616.410340296858, 6620.083246380882, 6620.448724904404, 6621.516605868955, 6623.461537665892, 6622.063902704333, 6620.601705423025, 6623.0554509397225, 6623.189824616038, 6620.511880682697]","[7171.137727309818, 7171.100035870167, 7171.08826093134, 7171.082588897137, 7171.079275996977, 7171.077110960115, 7171.07559153761, 7171.074467880424, 7171.073604259862, 7171.072921140557, 7171.072367668653, 7171.071910243854, 7171.071526052513, 7171.071199181537, 7171.070917568008, 7171.0706726618655, 7171.070457806476, 7171.070267867254, 7171.070098670504, 7171.069947167698]"
0.001,30,"[244, 64, 1]",tanh,mini_batch,32,7012.437499069002,83.74029793993452,-3.5182455342497994,"[6623.373099813243, 6621.092423679542, 6623.442796161108, 6621.892448767338, 6619.152973358049, 6623.964924498525, 6622.91868206631, 6620.969431303888, 6626.368636956719, 6619.10345209096, 6621.0160423786065, 6624.103272865651, 6624.940005867242, 6622.710021939574, 6620.160790612821, 6619.533258368317, 6620.449652660429, 6626.3372285914065, 6620.529939435056, 6619.437600586677, 6626.730823720662, 6625.555158419126, 6619.950135477909, 6621.262703421985, 6623.539829842741, 6621.013064849261, 6621.823606965544, 6621.08060672416, 6619.354267186863, 6619.041231482039]","[7171.277645631514, 7171.162923768483, 7171.127838276362, 7171.111139063938, 7171.101460211771, 7171.095174749533, 7171.090780385119, 7171.087543684877, 7171.08506314851, 7171.083105712403, 7171.0815233803, 7171.080218356564, 7171.079124981954, 7171.078196088159, 7171.077397682635, 7171.076704182807, 7171.076096538381, 7171.075559883136, 7171.075082712967, 7171.07465571022, 7171.074271481824, 7171.073923859635, 7171.073608061334, 7171.073319973297, 7171.073056028852, 7171.0728134418605, 7171.07258970279, 7171.0723827944985, 7171.072190851696, 7171.072012356867]"
0.001,30,"[244, 128, 64, 1]",sigmoid,mini_batch,32,7012.43785660325,83.74030007471463,-3.518245764615849,"[6619.669724720128, 6620.832928841433, 6618.8179265785975, 6620.613603252135, 6622.376151645105, 6621.220124367017, 6622.917379877444, 6622.980021912578, 6619.119626126551, 6622.554126214734, 6622.828429780705, 6622.02259202318, 6621.676656748594, 6622.952207719687, 6620.218382692414, 6620.418371077433, 6624.392557150282, 6619.586747839296, 6624.358652788697, 6624.8264933485025, 6621.597847856091, 6622.52030353552, 6621.094097873956, 6621.409989953609, 6620.018879741527, 6618.62683580004, 6622.224702054637, 6621.451746465895, 6622.586340018585, 6623.758732533783]","[7171.25103249589, 7171.155019896593, 7171.124320480666, 7171.109327338544, 7171.100479423884, 7171.094656655954, 7171.09054062307, 7171.087480876095, 7171.0851196748445, 7171.083242890043, 7171.081716485708, 7171.080451275555, 7171.0793859809555, 7171.078476873887, 7171.077692399224, 7171.077008576947, 7171.076407178524, 7171.075874570657, 7171.07539942443, 7171.074972994191, 7171.074588368869, 7171.07423961425, 7171.073922019296, 7171.073631586112, 7171.0733650337215, 7171.07311954776, 7171.072892676085, 7171.072682434578, 7171.072487063595, 7171.07230504268]"
0.001,20,"[244, 64, 1]",tanh,mini_batch,32,7012.440194224307,83.74031403227663,-3.518247270789116,"[6624.894127450837, 6618.125112823063, 6620.5435476838875, 6620.850446713266, 6624.133147263235, 6620.253396028229, 6621.371088617294, 6621.4769189107665, 6621.54943295507, 6621.795934079098, 6621.757490956614, 6621.683982102839, 6621.616722542547, 6621.0175905517945, 6619.2018714371525, 6623.055829151352, 6620.938519886509, 6623.330498646725, 6621.860513954659, 6623.353322095756]","[7171.2615755456645, 7171.157491199693, 7171.125009762511, 7171.109381003251, 7171.100256059663, 7171.094300164708, 7171.090118033217, 7171.087025806027, 7171.084650006208, 7171.082769795518, 7171.081246311365, 7171.079987602503, 7171.078930611549, 7171.078031148519, 7171.077257084245, 7171.076583748683, 7171.0759929552305, 7171.075470685786, 7171.0750055956205, 7171.074589080569]"
0.001,20,"[244, 128, 64, 1]",sigmoid,mini_batch,32,7012.440409745022,83.74031531911629,-3.5182474096531715,"[6625.800616703155, 6620.572030461149, 6621.258752597377, 6621.458670119553, 6619.587843918374, 6621.014793500491, 6617.91954457278, 6618.412351184753, 6622.624250882994, 6622.518979970246, 6620.22604728979, 6616.98125001785, 6621.3174092769, 6621.905295613478, 6622.331343594856, 6621.840287425935, 6620.266073168846, 6622.905126298044, 6618.803490361648, 6618.0795668236005]","[7171.240171558453, 7171.151120130545, 7171.122184526452, 7171.107943722482, 7171.099498706053, 7171.093919203849, 7171.089964682322, 7171.087017427989, 7171.084737394527, 7171.082922445809, 7171.081444190954, 7171.080217565938, 7171.07918305923, 7171.0782993409375, 7171.077535833025, 7171.076869678426, 7171.076283519962, 7171.075763758364, 7171.075299969711, 7171.074883488231]"
0.001,30,"[244, 64, 1]",sigmoid,mini_batch,32,7012.440818208857,83.74031775798834,-3.5182476728341125,"[6625.104652635734, 6621.498519193465, 6620.521227148948, 6623.059081070754, 6621.547182019874, 6620.626804782181, 6618.702691055689, 6619.766507432918, 6623.3809723589, 6622.1796069832335, 6619.857406353875, 6619.102884180926, 6619.777668682538, 6620.840952854667, 6621.852844639714, 6620.857117207443, 6620.634713478205, 6618.478121722974, 6623.427423470968, 6620.179608949472, 6623.636086093444, 6622.956580625638, 6619.821140810493, 6623.280511916847, 6619.060941076447, 6623.615275668863, 6623.74871079786, 6619.912668214599, 6619.107746178725, 6620.690995949761]","[7171.314376446658, 7171.189777034542, 7171.148590387109, 7171.128082397853, 7171.115815907915, 7171.107655375741, 7171.1018375357335, 7171.097479606781, 7171.094093729255, 7171.091388244657, 7171.089177071748, 7171.087336226772, 7171.08577981491, 7171.08444661182, 7171.083291899489, 7171.082282245851, 7171.081391949628, 7171.080601091011, 7171.079893577087, 7171.079257273495, 7171.078681732008, 7171.078158754356, 7171.077681568193, 7171.077244223223, 7171.0768421654075, 7171.076471073249, 7171.0761275844025, 7171.07580883839, 7171.075512186987, 7171.075235387963]"
0.001,20,"[244, 64, 1]",sigmoid,mini_batch,32,7012.444717484345,83.74034103993334,-3.5182501852107384,"[6621.268628855694, 6620.548317256929, 6618.091814617881, 6623.41717159419, 6621.842908464284, 6617.060245168122, 6622.7569061191425, 6622.68612842525, 6619.208235192665, 6625.770216803528, 6620.676590438704, 6624.095770452835, 6622.101760541251, 6619.0565893132025, 6618.646139477681, 6622.021804140025, 6620.506928426518, 6622.938200363578, 6619.386694999916, 6620.572349946053]","[7171.315537824092, 7171.190281414429, 7171.148920419661, 7171.128329264227, 7171.116013238341, 7171.107823128941, 7171.101981143346, 7171.097606000542, 7171.094208045602, 7171.091491457917, 7171.089271824141, 7171.087423322575, 7171.085860625636, 7171.084522517242, 7171.083363646801, 7171.082349940275, 7171.081456011181, 7171.080661778635, 7171.079951629073, 7171.0793127884235]"
0.01,20,"[244, 128, 64, 1]",tanh,batch,32,7012.447133392299,83.74035546492682,-3.5182517418257273,"[6752.873568803031, 6628.561851842967, 6627.009183068494, 6623.704003206444, 6621.550322603712, 6621.50265234873, 6621.480493117151, 6621.4675134734125, 6621.4589409867585, 6621.452838929866, 6621.44826564117, 6621.44470621034, 6621.441854612081, 6621.439517233748, 6621.437565459045, 6621.435910432946, 6621.434488759224, 6621.433253968827, 6621.432171209864, 6621.43121382201]","[7178.979542149323, 7177.194834646904, 7173.433644583782, 7171.200089017982, 7171.1535818702605, 7171.131883763403, 7171.119144448834, 7171.11071693216, 7171.104710736914, 7171.10020497221, 7171.096695350829, 7171.0938818097, 7171.091574324943, 7171.089646561764, 7171.088011180693, 7171.086605829239, 7171.085384779171, 7171.084313718069, 7171.08336638718, 7171.082522343586]"
0.01,30,"[244, 128, 64, 1]",tanh,batch,32,7012.452284317007,83.74038622025222,-3.518255060663515,"[6770.6718519477345, 6629.224781351442, 6628.038159438189, 6625.443803020027, 6622.003146594164, 6621.629370532947, 6621.555077421407, 6621.520691868755, 6621.500555237636, 6621.487236737197, 6621.477735334672, 6621.470595724902, 6621.465023228964, 6621.460545832154, 6621.4568649334515, 6621.453782122578, 6621.451160258537, 6621.448901427827, 6621.446933802567, 6621.445203463075, 6621.443669122734, 6621.442298618406, 6621.441066512206, 6621.439952413895, 6621.438939782886, 6621.438015056868, 6621.437167007477, 6621.436386256776, 6621.435664909454, 6621.434996269663]","[7179.715292488285, 7178.468505515293, 7175.4450202513335, 7171.635772425505, 7171.27879027869, 7171.207022307752, 7171.173419463939, 7171.153583295579, 7171.140386824063, 7171.130930361904, 7171.1237992526085, 7171.118217185328, 7171.113721152406, 7171.110017228302, 7171.106909524529, 7171.104262290873, 7171.101978385298, 7171.099986401431, 7171.0982326388275, 7171.09667591156, 7171.095284087381, 7171.094031718454, 7171.09289838125, 7171.091867489221, 7171.0909254279495, 7171.090060914844, 7171.089264518007, 7171.088528289867, 7171.087845484809, 7171.087210339087]"
0.01,20,"[244, 128, 64, 1]",sigmoid,batch,32,7012.473408135018,83.74051234698184,-3.5182686711372497,"[6667.829065584937, 6621.464626450379, 6621.463974059654, 6621.463338245617, 6621.462718388826, 6621.462113900222, 6621.461524219294, 6621.460948812374, 6621.46038717105, 6621.4598388106915, 6621.459303269081, 6621.458780105132, 6621.458268897702, 6621.45776924447, 6621.45728076091, 6621.456803079315, 6621.4563358478845, 6621.455878729884, 6621.455431402838, 6621.454993557798]","[7171.118635565483, 7171.117959886984, 7171.117301375901, 7171.116659390734, 7171.116033321456, 7171.115422587604, 7171.114826636512, 7171.114244941662, 7171.113677001175, 7171.113122336374, 7171.112580490468, 7171.112051027313, 7171.11153353027, 7171.111027601117, 7171.110532859048, 7171.110048939738, 7171.109575494456, 7171.10911218925, 7171.108658704158, 7171.108214732499]"
0.01,30,"[244, 128, 64, 1]",sigmoid,batch,32,7012.485573830099,83.74058498619472,-3.5182765097236874,"[6699.8092374784555, 6621.496992146118, 6621.495354212766, 6621.493778754091, 6621.492262292082, 6621.4908016012605, 6621.489393686207, 6621.48803576145, 6621.486725233415, 6621.485459684228, 6621.484236857091, 6621.483054643131, 6621.481911069495, 6621.480804288577, 6621.4797325682575, 6621.478694283036, 6621.477687905966, 6621.47671200132, 6621.475765217887, 6621.474846282857, 6621.47395399623, 6621.473087225691, 6621.4722449019255, 6621.471426014292, 6621.470629606871, 6621.469854774816, 6621.469100660998, 6621.468366452906, 6621.467651379784, 6621.466954709999]","[7171.1525399918455, 7171.150835968214, 7171.149196935556, 7171.147619275974, 7171.146099634251, 7171.144634894468, 7171.1432221590885, 7171.141858730194, 7171.140542092613, 7171.139269898737, 7171.138039954823, 7171.136850208617, 7171.135698738144, 7171.134583741561, 7171.13350352793, 7171.132456508837, 7171.131441190742, 7171.130456168031, 7171.129500116643, 7171.12857178825, 7171.127670004939, 7171.126793654329, 7171.125941685067, 7171.125113102734, 7171.124306966033, 7171.123522383306, 7171.122758509305, 7171.122014542223, 7171.121289720948, 7171.1205833225085]"
0.01,20,"[244, 128, 64, 1]",tanh,sgd,32,7012.502208662492,83.74068430973378,-3.518287227859454,"[6633.011306727028, 6625.134587839507, 6621.415053319439, 6621.415053319439, 6621.415053319438, 6621.415053319438, 6621.415053319438, 6621.415053319438, 6621.415053319438, 6621.415053319438, 6621.415053319438, 6621.415053319438, 6621.415053319437, 6621.415053319436, 6621.415053319436, 6621.415053319437, 6621.415053319437, 6621.415053319436, 6621.415053319436, 6621.415053319436]","[7185.5800962957, 7171.067287017387, 7171.067287017382, 7171.067287017377, 7171.067287017372, 7171.067287017368, 7171.067287017363, 7171.0672870173585, 7171.067287017354, 7171.0672870173485, 7171.067287017344, 7171.067287017339, 7171.067287017335, 7171.06728701733, 7171.067287017326, 7171.067287017321, 7171.067287017317, 7171.067287017313, 7171.067287017308, 7171.067287017305]"
0.01,20,"[244, 64, 1]",tanh,batch,32,7012.502970665908,83.74068885951385,-3.518287718832604,"[6780.779716324877, 6625.898503086712, 6622.508685661867, 6621.874846329554, 6621.726000988232, 6621.655397872492, 6621.613374808729, 6621.585218828173, 6621.564910048185, 6621.5495004690365, 6621.537367210013, 6621.527539539267, 6621.5193995167165, 6621.51253421433, 6621.506656732373, 6621.501561248041, 6621.49709609285, 6621.493146930133, 6621.489625860769, 6621.486464148642]","[7175.944568106134, 7172.211864448813, 7171.545992511869, 7171.390887195196, 7171.317364825895, 7171.273594660967, 7171.244256683641, 7171.223087124223, 7171.2070189723945, 7171.1943636358965, 7171.184110839865, 7171.175617285974, 7171.168452967314, 7171.162319023983, 7171.157000986985, 7171.152340769898, 7171.148219164442, 7171.144544502174, 7171.141245081734, 7171.138263975106]"
0.01,30,"[244, 64, 1]",tanh,batch,32,7012.5084725747865,83.74072171037689,-3.518291263816103,"[6771.436870915003, 6628.713526665004, 6625.634452021271, 6622.755737005774, 6622.076175809941, 6621.87320814029, 6621.772754562563, 6621.711779080397, 6621.670413988199, 6621.6403045264415, 6621.617292846879, 6621.599064722298, 6621.58422441119, 6621.571877533562, 6621.56142311806, 6621.552441608008, 6621.54463072948, 6621.537766882411, 6621.531680908714, 6621.526242338391, 6621.5213488332665, 6621.516918925671, 6621.512886907591, 6621.509199159694, 6621.505811466537, 6621.502687020978, 6621.499794919093, 6621.497109009916, 6621.494607005744, 6621.492269786336]","[7179.000324751312, 7175.647026053803, 7172.5046268439455, 7171.771669105026, 7171.553654686333, 7171.445954732485, 7171.38067335196, 7171.336443113543, 7171.304286242012, 7171.279737571922, 7171.260313085762, 7171.244515324798, 7171.231385145825, 7171.220278332932, 7171.210745327233, 7171.202462374462, 7171.1951900848835, 7171.188747430886, 7171.182994846104, 7171.17782290326, 7171.17314452788, 7171.168889519246, 7171.165000615885, 7171.161430618735, 7171.158140253334, 7171.155096557848, 7171.152271651446, 7171.149641781882, 7171.147186580841, 7171.144888475833]"
0.01,30,"[244, 64, 1]",sigmoid,batch,32,7012.57347208355,83.74110980924213,-3.518333144223627,"[6704.547243096427, 6621.871942265425, 6621.837613692327, 6621.808138775808, 6621.782548444143, 6621.76011687466, 6621.740289373704, 6621.722634558785, 6621.706811773343, 6621.6925483449695, 6621.6796233762525, 6621.66785597425, 6621.657096559414, 6621.647220351424, 6621.638122420001, 6621.629713878135, 6621.6219189209, 6621.614672498154, 6621.607918468002, 6621.601608118826, 6621.595698976659, 6621.59015383556, 6621.584939963715, 6621.580028449168, 6621.575393657279, 6621.571012778263, 6621.566865447772, 6621.562933427155, 6621.559200332647, 6621.555651405022]","[7171.540260216875, 7171.504714534069, 7171.474194721348, 7171.447697331867, 7171.424470792215, 7171.403940726698, 7171.385660444592, 7171.369277199652, 7171.354508641884, 7171.341126033508, 7171.3289420608935, 7171.317801835163, 7171.307576146871, 7171.298156341213, 7171.289450376145, 7171.2813797561, 7171.27387712209, 7171.266884339623, 7171.260350968256, 7171.254233026646, 7171.248491988498, 7171.243093960477, 7171.238009004709, 7171.233210576989, 7171.228675058237, 7171.224381361635, 7171.220310601498, 7171.216445812887, 7171.212771713056, 7171.20927449765]"
0.01,20,"[244, 64, 1]",sigmoid,batch,32,7012.636043264209,83.74148340735438,-3.518373460013625,"[6709.863192281081, 6622.023613568908, 6621.963415262121, 6621.914229032129, 6621.8732580590595, 6621.838584830716, 6621.808849128432, 6621.783058376227, 6621.760470767671, 6621.7405204578345, 6621.722768110582, 6621.7068672860405, 6621.692541034683, 6621.679565248047, 6621.667756589968, 6621.656963599447, 6621.647060031532, 6621.637939804573, 6621.629513118346, 6621.6217034377105]","[7171.69174552881, 7171.629927649464, 7171.579421811736, 7171.537354438836, 7171.501755520004, 7171.471227677592, 7171.444751274953, 7171.421564319787, 7171.40108559661, 7171.382863854926, 7171.366543274408, 7171.351839417737, 7171.33852212581, 7171.326403119248, 7171.315326858507, 7171.305163703279, 7171.2958047222, 7171.28715770545, 7171.279144066467, 7171.27169640938]"
0.001,30,"[244, 128, 64, 1]",tanh,batch,32,7013.487015516004,83.74656420126144,-3.5189217574604053,"[6770.818496189849, 6680.162799136457, 6649.493867220323, 6638.500059523173, 6633.33083138011, 6630.429748567242, 6628.600082890487, 6627.351569579974, 6626.450429056624, 6625.772190215769, 6625.244901656041, 6624.824250363079, 6624.481538398148, 6624.1974061788, 6623.958344802209, 6623.754655891704, 6623.579205653449, 6623.426635576904, 6623.292846398937, 6623.174651341122, 6623.069537412917, 6622.9754975617325, 6622.890910376867, 6622.814452391853, 6622.7450331601685, 6622.681746515184, 6622.623833511799, 6622.5706539204175, 6622.521664064064, 6622.4763994167315]","[7231.217540362318, 7199.757065432557, 7188.575158029844, 7183.3004853625525, 7180.33322407162, 7178.4587969894055, 7177.1782544106, 7176.253185456884, 7175.556457252187, 7175.01449197428, 7174.581931773131, 7174.2293791575785, 7173.936989708799, 7173.690908538695, 7173.481184123807, 7173.300493407057, 7173.143333685774, 7173.005494007194, 7172.883699799688, 7172.775368153379, 7172.67843567284, 7172.591235060694, 7172.512405118314, 7172.4408240993935, 7172.375559664438, 7172.315830821026, 7172.260978641177, 7172.210443490139, 7172.163747143742, 7172.120478616609]"
0.001,20,"[244, 128, 64, 1]",tanh,batch,32,7013.582459784083,83.74713403922598,-3.5189832539996715,"[6775.081661525649, 6650.702328207605, 6633.806619706155, 6629.57313777473, 6627.491842770962, 6626.244209127663, 6625.4126997984795, 6624.8192998575405, 6624.374927366523, 6624.029995941651, 6623.754697476481, 6623.5300342654355, 6623.343327240654, 6623.185792440269, 6623.051153420468, 6622.934807236738, 6622.83330239167, 6622.7440006089555, 6622.664851118094, 6622.594236093312]","[7199.804249324342, 7183.417482472321, 7179.240326133742, 7177.16828204718, 7175.922157669863, 7175.090129254077, 7174.495611740556, 7174.049978169812, 7173.703803117262, 7173.427335525677, 7173.201594560868, 7173.013901898021, 7172.8554679924255, 7172.720008671673, 7172.6029129240915, 7172.500721605421, 7172.410789496561, 7172.331059655858, 7172.259908830175, 7172.196039130475]"
0.001,30,"[244, 128, 64, 1]",sigmoid,batch,32,7013.966844467709,83.74942892024822,-3.519230920289811,"[6694.703062352057, 6667.3844639384615, 6648.929143767139, 6639.63080136382, 6634.7282830804415, 6631.818165007508, 6629.91833312723, 6628.589122877804, 6627.610412292571, 6626.861280419465, 6626.270238483882, 6625.792478989832, 6625.398559972106, 6625.068370721394, 6624.787722538069, 6624.546327029686, 6624.336547007426, 6624.152597104547, 6623.9900163844795, 6623.845311013981, 6623.715706421935, 6623.598971786109, 6623.493293411076, 6623.397181841597, 6623.3094026891495, 6623.2289244086205, 6623.154878377181, 6623.086528027164, 6623.023244728004, 6622.964488758627]","[7218.718144886364, 7199.5893656952585, 7189.950599998508, 7184.868373836552, 7181.8515352093655, 7179.882023462968, 7178.50406241209, 7177.489458752414, 7176.712856195836, 7176.100143316235, 7175.604868649961, 7175.1965099778545, 7174.8542187069215, 7174.563285548977, 7174.313044639896, 7174.095578602152, 7173.904889830031, 7173.736353744765, 7173.586348355318, 7173.451997322526, 7173.330988005442, 7173.221440192975, 7173.121809808985, 7173.030817200729, 7172.94739299944, 7172.870636734543, 7172.799784834078, 7172.734185621864, 7172.673279591838, 7172.616583706092]"
0.001,30,"[244, 64, 1]",sigmoid,batch,32,7014.419227237046,83.75212968777001,-3.5195223990270685,"[6668.049805526468, 6652.6568897074585, 6643.521584742257, 6638.1136506558, 6634.695309361118, 6632.384206883887, 6630.733008098466, 6629.500772320216, 6628.548948561715, 6627.793102549112, 6627.179184663189, 6626.671134668506, 6626.24403963941, 6625.880169247076, 6625.566579263171, 6625.293608791562, 6625.0539072190295, 6624.8417861679545, 6624.652777029612, 6624.483322110602, 6624.330554744821, 6624.192139942169, 6624.066157043126, 6623.951012041745, 6623.84537120335, 6623.74811019315, 6623.658274656141, 6623.575049356589, 6623.497733789192, 6623.42572273535]","[7203.3563489108365, 7193.9075074816565, 7188.3162919500855, 7184.783083866415, 7182.394794186428, 7180.688701957102, 7179.415650129885, 7178.4323924734135, 7177.651647202661, 7177.017548969226, 7176.492830028263, 7176.051745489705, 7175.675974309852, 7175.352141886764, 7175.070266699738, 7174.822754581454, 7174.603728953697, 7174.408573561385, 7174.23361330649, 7174.0758870295, 7173.932982853283, 7173.802916936327, 7173.684042884279, 7173.574983165766, 7173.474576555394, 7173.381837408722, 7173.29592378112, 7173.216112233024, 7173.141777744215, 7173.072377570363]"
0.001,20,"[244, 128, 64, 1]",sigmoid,batch,32,7014.667103613606,83.7536094960307,-3.5196821104443305,"[6673.829127790295, 6652.362008846197, 6641.239809474523, 6635.564593709363, 6632.301435451293, 6630.21989928999, 6628.787658218663, 6627.74606031475, 6626.956318633094, 6626.337876003515, 6625.84097307451, 6625.433298545426, 6625.092995904536, 6624.804770124029, 6624.557607210047, 6624.343379900266, 6624.155963338813, 6623.990656169441, 6623.843790970067, 6623.712465671204]","[7203.106586128095, 7191.592155005604, 7185.71690961253, 7182.338702139272, 7180.183740081718, 7178.700950341396, 7177.622572652536, 7176.804931770511, 7176.164632378748, 7175.6501614914605, 7175.228068727525, 7174.87572682503, 7174.577301232008, 7174.321389332549, 7174.099577022301, 7173.905523221197, 7173.734360562405, 7173.582292093285, 7173.446313223336, 7173.324015865089]"
0.001,30,"[244, 64, 1]",tanh,batch,32,7014.681801399054,83.75369724017594,-3.519691580504274,"[6771.290835190771, 6708.506706458113, 6671.820477956373, 6655.4596519789875, 6646.175433461185, 6640.4615469852515, 6636.705530515709, 6634.091859197521, 6632.186611541773, 6630.74501807926, 6629.620955387214, 6628.722704253074, 6627.990165863991, 6627.382493500373, 6626.871044988289, 6626.435190276792, 6626.059721275653, 6625.733197558515, 6625.446858448658, 6625.193888846034, 6624.968912266908, 6624.767633524287, 6624.586582198958, 6624.422925385773, 6624.274328934123, 6624.138853205151, 6624.014873772872, 6623.901020403797, 6623.796129602956, 6623.699207348387]","[7260.502869386013, 7221.9398204829395, 7205.357409554236, 7196.017416871362, 7190.274568049772, 7186.497634245858, 7183.867380320375, 7181.94861547079, 7180.495849937642, 7179.362451396423, 7178.456318813064, 7177.717062219636, 7177.103611113912, 7176.587150011853, 7176.146913504544, 7175.767586824672, 7175.4376446903725, 7175.1482583049865, 7174.892557394501, 7174.665120404535, 7174.461615031915, 7174.278540057783, 7174.113036834853, 7173.962749551893, 7173.825720228132, 7173.700308813455, 7173.58513169092, 7173.479013841277, 7173.380951270217, 7173.290081229203]"
0.001,20,"[244, 64, 1]",sigmoid,batch,32,7015.447557839603,83.7582685938505,-3.5201849717991402,"[6673.894029083531, 6656.442634090397, 6645.732918081205, 6639.460097758866, 6635.57473776042, 6632.99556606431, 6631.179756847555, 6629.840342782078, 6628.815276141251, 6628.0073505295095, 6627.355166055732, 6626.818217654284, 6626.368787812813, 6625.987310767376, 6625.659602642162, 6625.375142034071, 6625.125966510675, 6624.905943403031, 6624.7102753632125, 6624.535157355754]","[7207.2416119609325, 7196.162931270031, 7189.679588333127, 7185.666302681459, 7183.003422421777, 7181.1293382646845, 7179.747328091734, 7178.689909309298, 7177.856649998463, 7177.184130735122, 7176.630524061038, 7176.167213348401, 7175.77400171492, 7175.436250051577, 7175.143100785553, 7174.886338112173, 7174.659634941112, 7174.4580423566895, 7174.277635487579, 7174.115262805659]"
0.001,20,"[244, 64, 1]",tanh,batch,32,7016.10665205175,83.76220300381163,-3.5206096386116537,"[6778.055851839609, 6714.20415017555, 6673.326755882898, 6656.039690101784, 6646.512891383846, 6640.707973942719, 6636.903973120201, 6634.259220625588, 6632.331570105535, 6630.8728477738305, 6629.735195111816, 6628.825878595209, 6628.084151700053, 6627.468728821682, 6626.950657536058, 6626.509081335338, 6626.128622583907, 6625.797711244555, 6625.507485800685, 6625.251051501144]","[7266.681567312742, 7223.52857100912, 7205.930258690613, 7196.3251015909755, 7190.4871963446885, 7186.663538249429, 7184.004823631516, 7182.066426956133, 7180.599089671083, 7179.454357699614, 7178.539120940066, 7177.792374548075, 7177.17264689722, 7176.650847283727, 7176.206014023466, 7175.822688029885, 7175.489235237022, 7175.196743140491, 7174.938275919681, 7174.7083599179405]"
0.01,20,"[244, 64, 1]",relu,sgd,32,7161.222005630631,84.62400372016577,-3.61411019363919,"[8439.84568623299, 6766.457498593227, 6766.457498593228, 6766.457498593227, 6766.457498593227, 6766.457498593227, 6766.457498593227, 6766.457498593227, 6766.457498593227, 6766.457498593227, 6766.457498593227, 6766.457498593227, 6766.457498593227, 6766.457498593227, 6766.457498593227, 6766.457498593227, 6766.457498593227, 6766.457498593227, 6766.457498593227, 6766.457498593227]","[7321.331133022837, 7321.331133022837, 7321.331133022837, 7321.331133022837, 7321.331133022837, 7321.331133022837, 7321.331133022837, 7321.331133022837, 7321.331133022837, 7321.331133022837, 7321.331133022837, 7321.331133022837, 7321.331133022837, 7321.331133022837, 7321.331133022837, 7321.331133022837, 7321.331133022837, 7321.331133022837, 7321.331133022837, 7321.331133022837]"
0.01,30,"[244, 128, 64, 1]",relu,batch,32,7161.222005630631,84.62400372016577,-3.61411019363919,"[6758.029722844117, 6365.294634240132, 1754.8994668273224, 69069.86998257633, 6766.457498593228, 6766.457498593228, 6766.457498593228, 6766.457498593228, 6766.457498593228, 6766.457498593228, 6766.457498593228, 6766.457498593228, 6766.457498593228, 6766.457498593228, 6766.457498593228, 6766.457498593228, 6766.457498593228, 6766.457498593228, 6766.457498593228, 6766.457498593228, 6766.457498593228, 6766.457498593228, 6766.457498593228, 6766.457498593228, 6766.457498593228, 6766.457498593228, 6766.457498593228, 6766.457498593228, 6766.457498593228, 6766.457498593228]","[6888.00751256463, 1776.538021469367, 72524.9928680547, 7321.331133022837, 7321.331133022837, 7321.331133022837, 7321.331133022837, 7321.331133022837, 7321.331133022837, 7321.331133022837, 7321.331133022837, 7321.331133022837, 7321.331133022837, 7321.331133022837, 7321.331133022837, 7321.331133022837, 7321.331133022837, 7321.331133022837, 7321.331133022837, 7321.331133022837, 7321.331133022837, 7321.331133022837, 7321.331133022837, 7321.331133022837, 7321.331133022837, 7321.331133022837, 7321.331133022837, 7321.331133022837, 7321.331133022837, 7321.331133022837]"
0.01,30,"[244, 128, 64, 1]",relu,mini_batch,32,7161.222005630631,84.62400372016577,-3.61411019363919,"[7421.200331941049, 6767.087781294718, 6766.121255223824, 6764.220432787949, 6765.242745439932, 6766.413783083439, 6763.4258022683425, 6767.048792746037, 6765.456738740998, 6769.270269691415, 6769.0235714766295, 6765.556601249182, 6763.991289649387, 6765.4825500353645, 6766.868330811881, 6769.580445143858, 6772.247657424359, 6769.017055402988, 6766.535638682251, 6768.359627312769, 6768.25646256927, 6765.069793108458, 6766.940232964191, 6766.5750707576335, 6764.8054450678665, 6763.525771374918, 6765.9921208535, 6766.015097658587, 6765.955569495008, 6764.781956115847]","[7321.331133022837, 7321.331133022837, 7321.331133022837, 7321.331133022837, 7321.331133022837, 7321.331133022837, 7321.331133022837, 7321.331133022837, 7321.331133022837, 7321.331133022837, 7321.331133022837, 7321.331133022837, 7321.331133022837, 7321.331133022837, 7321.331133022837, 7321.331133022837, 7321.331133022837, 7321.331133022837, 7321.331133022837, 7321.331133022837, 7321.331133022837, 7321.331133022837, 7321.331133022837, 7321.331133022837, 7321.331133022837, 7321.331133022837, 7321.331133022837, 7321.331133022837, 7321.331133022837, 7321.331133022837]"
0.001,30,"[244, 128, 64, 1]",relu,sgd,32,7161.222005630631,84.62400372016577,-3.61411019363919,"[20331.598056150284, 6766.457498593227, 6766.457498593227, 6766.457498593227, 6766.457498593227, 6766.457498593227, 6766.457498593227, 6766.457498593227, 6766.457498593227, 6766.457498593227, 6766.457498593227, 6766.457498593227, 6766.457498593227, 6766.457498593227, 6766.457498593227, 6766.457498593227, 6766.457498593227, 6766.457498593227, 6766.457498593227, 6766.457498593227, 6766.457498593227, 6766.457498593228, 6766.457498593227, 6766.457498593227, 6766.457498593227, 6766.457498593227, 6766.457498593227, 6766.457498593228, 6766.457498593227, 6766.457498593227]","[7321.331133022837, 7321.331133022837, 7321.331133022837, 7321.331133022837, 7321.331133022837, 7321.331133022837, 7321.331133022837, 7321.331133022837, 7321.331133022837, 7321.331133022837, 7321.331133022837, 7321.331133022837, 7321.331133022837, 7321.331133022837, 7321.331133022837, 7321.331133022837, 7321.331133022837, 7321.331133022837, 7321.331133022837, 7321.331133022837, 7321.331133022837, 7321.331133022837, 7321.331133022837, 7321.331133022837, 7321.331133022837, 7321.331133022837, 7321.331133022837, 7321.331133022837, 7321.331133022837, 7321.331133022837]"
0.01,20,"[244, 128, 64, 1]",relu,mini_batch,32,7161.222005630631,84.62400372016577,-3.61411019363919,"[7264.389517331662, 6767.314337686178, 6768.824635098964, 6769.164953988087, 6764.73709044525, 6764.329041021618, 6764.160109302809, 6766.518342304118, 6767.449624986263, 6763.925348132073, 6771.073160456708, 6766.447972202641, 6765.8163411116375, 6764.1000366784165, 6767.860561048273, 6768.2801169779395, 6766.737711259879, 6765.207109431409, 6768.769897088067, 6769.472126061834]","[7321.331133022837, 7321.331133022837, 7321.331133022837, 7321.331133022837, 7321.331133022837, 7321.331133022837, 7321.331133022837, 7321.331133022837, 7321.331133022837, 7321.331133022837, 7321.331133022837, 7321.331133022837, 7321.331133022837, 7321.331133022837, 7321.331133022837, 7321.331133022837, 7321.331133022837, 7321.331133022837, 7321.331133022837, 7321.331133022837]"
0.01,20,"[244, 128, 64, 1]",relu,batch,32,7161.222005630631,84.62400372016577,-3.61411019363919,"[6766.2948331098205, 6762.678986341341, 6550.6479886327925, 4635.694476285767, 322160.94972923637, 6766.457498593228, 6766.457498593228, 6766.457498593228, 6766.457498593228, 6766.457498593228, 6766.457498593228, 6766.457498593228, 6766.457498593228, 6766.457498593228, 6766.457498593228, 6766.457498593228, 6766.457498593228, 6766.457498593228, 6766.457498593228, 6766.457498593228]","[7317.820516394559, 7097.850543330367, 5055.289583965756, 349851.97645975824, 7321.331133022837, 7321.331133022837, 7321.331133022837, 7321.331133022837, 7321.331133022837, 7321.331133022837, 7321.331133022837, 7321.331133022837, 7321.331133022837, 7321.331133022837, 7321.331133022837, 7321.331133022837, 7321.331133022837, 7321.331133022837, 7321.331133022837, 7321.331133022837]"
0.01,20,"[244, 128, 64, 1]",relu,sgd,32,7161.222005630631,84.62400372016577,-3.61411019363919,"[6779.937069687525, 6766.457498593227, 6766.457498593227, 6766.457498593227, 6766.457498593228, 6766.457498593228, 6766.457498593227, 6766.457498593227, 6766.457498593227, 6766.457498593227, 6766.457498593227, 6766.457498593227, 6766.457498593227, 6766.457498593227, 6766.457498593227, 6766.457498593227, 6766.457498593227, 6766.457498593227, 6766.457498593227, 6766.457498593227]","[7321.331133022837, 7321.331133022837, 7321.331133022837, 7321.331133022837, 7321.331133022837, 7321.331133022837, 7321.331133022837, 7321.331133022837, 7321.331133022837, 7321.331133022837, 7321.331133022837, 7321.331133022837, 7321.331133022837, 7321.331133022837, 7321.331133022837, 7321.331133022837, 7321.331133022837, 7321.331133022837, 7321.331133022837, 7321.331133022837]"
0.01,30,"[244, 64, 1]",relu,sgd,32,7161.222005630631,84.62400372016577,-3.61411019363919,"[64833.769564483846, 6766.457498593227, 6766.457498593227, 6766.457498593227, 6766.457498593227, 6766.457498593227, 6766.457498593227, 6766.457498593227, 6766.457498593227, 6766.457498593227, 6766.457498593227, 6766.457498593227, 6766.457498593227, 6766.457498593227, 6766.457498593227, 6766.457498593227, 6766.457498593228, 6766.457498593228, 6766.457498593227, 6766.457498593227, 6766.457498593227, 6766.457498593227, 6766.457498593228, 6766.457498593227, 6766.457498593227, 6766.457498593227, 6766.457498593227, 6766.457498593227, 6766.457498593227, 6766.457498593227]","[7321.331133022837, 7321.331133022837, 7321.331133022837, 7321.331133022837, 7321.331133022837, 7321.331133022837, 7321.331133022837, 7321.331133022837, 7321.331133022837, 7321.331133022837, 7321.331133022837, 7321.331133022837, 7321.331133022837, 7321.331133022837, 7321.331133022837, 7321.331133022837, 7321.331133022837, 7321.331133022837, 7321.331133022837, 7321.331133022837, 7321.331133022837, 7321.331133022837, 7321.331133022837, 7321.331133022837, 7321.331133022837, 7321.331133022837, 7321.331133022837, 7321.331133022837, 7321.331133022837, 7321.331133022837]"
0.01,30,"[244, 128, 64, 1]",relu,sgd,32,7161.222005630631,84.62400372016577,-3.61411019363919,"[6838.52528207327, 6766.457498593227, 6766.457498593227, 6766.457498593227, 6766.457498593227, 6766.457498593227, 6766.457498593227, 6766.457498593227, 6766.457498593227, 6766.457498593227, 6766.457498593227, 6766.457498593227, 6766.457498593227, 6766.457498593227, 6766.457498593227, 6766.457498593227, 6766.457498593227, 6766.457498593227, 6766.457498593227, 6766.457498593227, 6766.457498593228, 6766.457498593227, 6766.457498593227, 6766.457498593227, 6766.457498593227, 6766.457498593227, 6766.457498593227, 6766.457498593227, 6766.457498593227, 6766.457498593227]","[7321.331133022837, 7321.331133022837, 7321.331133022837, 7321.331133022837, 7321.331133022837, 7321.331133022837, 7321.331133022837, 7321.331133022837, 7321.331133022837, 7321.331133022837, 7321.331133022837, 7321.331133022837, 7321.331133022837, 7321.331133022837, 7321.331133022837, 7321.331133022837, 7321.331133022837, 7321.331133022837, 7321.331133022837, 7321.331133022837, 7321.331133022837, 7321.331133022837, 7321.331133022837, 7321.331133022837, 7321.331133022837, 7321.331133022837, 7321.331133022837, 7321.331133022837, 7321.331133022837, 7321.331133022837]"
0.001,20,"[244, 128, 64, 1]",relu,sgd,32,7161.222005630631,84.62400372016577,-3.61411019363919,"[6861.068412463057, 6766.434972216832, 6766.432730813313, 6766.427498449594, 6766.410312367752, 6766.361508815608, 6766.301168939914, 6766.301079918287, 6766.301628411483, 6766.301428021235, 6766.302154517193, 6766.301789602328, 6766.302706959965, 6766.302129838755, 6766.303228365497, 6766.302414503563, 6766.303660751205, 6766.3026208999345, 6766.303965099656, 6766.302743176581]","[7321.331133022837, 7321.331133022837, 7321.331133022837, 7321.331133022837, 7321.331133022837, 7321.331133022837, 7321.331133022837, 7321.331133022837, 7321.331133022837, 7321.331133022837, 7321.331133022837, 7321.331133022837, 7321.331133022837, 7321.331133022837, 7321.331133022837, 7321.331133022837, 7321.331133022837, 7321.331133022837, 7321.331133022837, 7321.331133022837]"
